{"info":{"_postman_id":"5591d5f0-6fe0-49e4-a0cb-ec0034cc0cc1","name":"item_transaksi","schema":"https://schema.getpostman.com/json/collection/v2.1.0/collection.json"},"item":[{"name":"item transaksi","id":"87a8ce82-0e47-4430-9953-9bd4430526da","protocolProfileBehavior":{"disableBodyPruning":true},"request":{"auth":{"type":"bearer","bearer":[{"key":"token","value":"eyJ0eXAiOiJKV1QiLCJhbGciOiJIUzI1NiJ9.eyJpZCI6IjQzIiwiZW1haWwiOiJkb25kb25AYW1pa29tLmFjLmlkIiwiaWF0IjoxNjY5Mzg1MTc3LCJleHAiOjE2NjkzODg3Nzd9.m3_T4PDAxxgifIpP6UAmLfGQzN82HAuHDb1HrsbgejA","type":"string"}]},"method":"GET","header":[],"body":{"mode":"urlencoded","urlencoded":[]},"url":{"raw":"localhost:8080/belajarphp/1723/Api_pcs/item_transaksi","host":["localhost"],"port":"8080","path":["belajarphp","1723","Api_pcs","item_transaksi"]}},"response":[]},{"name":"item transaksi by transaksi id","id":"4d34d137-7cf2-48f5-93dc-49dda6a9abdc","protocolProfileBehavior":{"disableBodyPruning":true},"request":{"auth":{"type":"bearer","bearer":[{"key":"token","value":"eyJ0eXAiOiJKV1QiLCJhbGciOiJIUzI1NiJ9.eyJpZCI6IjQzIiwiZW1haWwiOiJkb25kb25AYW1pa29tLmFjLmlkIiwiaWF0IjoxNjY5Mzg1MTc3LCJleHAiOjE2NjkzODg3Nzd9.m3_T4PDAxxgifIpP6UAmLfGQzN82HAuHDb1HrsbgejA","type":"string"}]},"method":"GET","header":[],"body":{"mode":"urlencoded","urlencoded":[]},"url":{"raw":"localhost:8080/belajarphp/1723/Api_pcs/item_transaksi_by_transaksi_id?transaksi_id=26","host":["localhost"],"port":"8080","path":["belajarphp","1723","Api_pcs","item_transaksi_by_transaksi_id"],"query":[{"key":"transaksi_id","value":"26"}]}},"response":[]},{"name":"insert","id":"1597fa20-55f8-4628-b61c-2aec50f23372","protocolProfileBehavior":{"disableBodyPruning":true},"request":{"auth":{"type":"bearer","bearer":[{"key":"token","value":"eyJ0eXAiOiJKV1QiLCJhbGciOiJIUzI1NiJ9.eyJpZCI6IjQzIiwiZW1haWwiOiJkb25kb25AYW1pa29tLmFjLmlkIiwiaWF0IjoxNjY5Mzg5MDYzLCJleHAiOjE2NjkzOTI2NjN9.xFLvB9yYbMLWaXlSqotOD6KU3se_qFV1cVdOaqVrXo4","type":"string"}]},"method":"POST","header":[],"body":{"mode":"urlencoded","urlencoded":[{"key":"transaksi_id","value":"9","type":"default"},{"key":"produk_id","value":"12","type":"default"},{"key":"qty","value":"2","type":"default"},{"key":"harga_saat_transaksi","value":"10000","type":"default"}]},"url":{"raw":"localhost:8080/belajarphp/1723/Api_pcs/item_transaksi","host":["localhost"],"port":"8080","path":["belajarphp","1723","Api_pcs","item_transaksi"]}},"response":[]},{"name":"update","id":"886dac38-c3cd-4c62-8707-c1b82a34713c","protocolProfileBehavior":{"disableBodyPruning":true},"request":{"auth":{"type":"bearer","bearer":[{"key":"token","value":"eyJ0eXAiOiJKV1QiLCJhbGciOiJIUzI1NiJ9.eyJpZCI6IjQzIiwiZW1haWwiOiJkb25kb25AYW1pa29tLmFjLmlkIiwiaWF0IjoxNjY5Mzg1MTc3LCJleHAiOjE2NjkzODg3Nzd9.m3_T4PDAxxgifIpP6UAmLfGQzN82HAuHDb1HrsbgejA","type":"string"}]},"method":"PUT","header":[],"body":{"mode":"urlencoded","urlencoded":[{"key":"transaksi_id","value":"9","type":"default"},{"key":"produk_id","value":"13","type":"default"},{"key":"qty","value":"1","type":"default"},{"key":"harga_saat_transaksi","value":"8500","type":"default"},{"key":"id","value":"37","type":"default"}]},"url":{"raw":"localhost:8080/belajarphp/1723/Api_pcs/item_transaksi","host":["localhost"],"port":"8080","path":["belajarphp","1723","Api_pcs","item_transaksi"]}},"response":[]},{"name":"delete","id":"53fceb53-4732-48e5-8105-df4f239c9a1d","protocolProfileBehavior":{"disableBodyPruning":true},"request":{"auth":{"type":"bearer","bearer":[{"key":"token","value":"eyJ0eXAiOiJKV1QiLCJhbGciOiJIUzI1NiJ9.eyJpZCI6IjQzIiwiZW1haWwiOiJkb25kb25AYW1pa29tLmFjLmlkIiwiaWF0IjoxNjY5Mzg1MTc3LCJleHAiOjE2NjkzODg3Nzd9.m3_T4PDAxxgifIpP6UAmLfGQzN82HAuHDb1HrsbgejA","type":"string"}]},"method":"DELETE","header":[],"body":{"mode":"urlencoded","urlencoded":[{"key":"id","value":"37","type":"default"}]},"url":{"raw":"localhost:8080/belajarphp/1723/Api_pcs/item_transaksi","host":["localhost"],"port":"8080","path":["belajarphp","1723","Api_pcs","item_transaksi"]}},"response":[]},{"name":"delete item_transaksi_by_transaksi_id","id":"fedaa402-029b-4368-b5bb-c1b434672d70","protocolProfileBehavior":{"disableBodyPruning":true},"request":{"auth":{"type":"bearer","bearer":[{"key":"token","value":"eyJ0eXAiOiJKV1QiLCJhbGciOiJIUzI1NiJ9.eyJpZCI6IjQzIiwiZW1haWwiOiJkb25kb25AYW1pa29tLmFjLmlkIiwiaWF0IjoxNjY5Mzg1MTc3LCJleHAiOjE2NjkzODg3Nzd9.m3_T4PDAxxgifIpP6UAmLfGQzN82HAuHDb1HrsbgejA","type":"string"}]},"method":"DELETE","header":[],"body":{"mode":"urlencoded","urlencoded":[{"key":"transaksi_id","value":"10","type":"default"},{"key":"","value":"","type":"default","disabled":true}]},"url":{"raw":"localhost:8080/belajarphp/1723/Api_pcs/item_transaksi_by_transaksi_id","host":["localhost"],"port":"8080","path":["belajarphp","1723","Api_pcs","item_transaksi_by_transaksi_id"]}},"response":[]}]}