{"info":{"_postman_id":"7bc7f4fa-05d7-43b3-bb31-bde9e6370ceb","name":"transaksi","schema":"https://schema.getpostman.com/json/collection/v2.1.0/collection.json"},"item":[{"name":"get","id":"ce95817a-7fec-4039-b1ff-f5a55559656f","protocolProfileBehavior":{"disableBodyPruning":true},"request":{"auth":{"type":"bearer","bearer":[{"key":"token","value":"eyJ0eXAiOiJKV1QiLCJhbGciOiJIUzI1NiJ9.eyJpZCI6IjQzIiwiZW1haWwiOiJkb25kb25AYW1pa29tLmFjLmlkIiwiaWF0IjoxNjY5Mzg1MTc3LCJleHAiOjE2NjkzODg3Nzd9.m3_T4PDAxxgifIpP6UAmLfGQzN82HAuHDb1HrsbgejA","type":"string"}]},"method":"GET","header":[],"body":{"mode":"urlencoded","urlencoded":[{"key":"admin_id","value":"43","type":"default"},{"key":"total","value":"1000000","type":"default"}]},"url":{"raw":"localhost:8080/belajarphp/1723/Api_pcs/transaksi","host":["localhost"],"port":"8080","path":["belajarphp","1723","Api_pcs","transaksi"]}},"response":[]},{"name":"insert","id":"9d3f0152-db73-401d-82b9-34ba415f0979","protocolProfileBehavior":{"disableBodyPruning":true},"request":{"auth":{"type":"bearer","bearer":[{"key":"token","value":"eyJ0eXAiOiJKV1QiLCJhbGciOiJIUzI1NiJ9.eyJpZCI6IjQzIiwiZW1haWwiOiJkb25kb25AYW1pa29tLmFjLmlkIiwiaWF0IjoxNjY5MzgxNDQwLCJleHAiOjE2NjkzODUwNDB9.qOFxW_vqa0FaoiP176w6ILQTV9iMlYWXWSAu-fwHL60","type":"string"}]},"method":"POST","header":[],"body":{"mode":"urlencoded","urlencoded":[{"key":"admin_id","value":"43","type":"default"},{"key":"total","value":"1000000","type":"default"}]},"url":{"raw":"localhost:8080/belajarphp/1723/Api_pcs/transaksi","host":["localhost"],"port":"8080","path":["belajarphp","1723","Api_pcs","transaksi"]}},"response":[]},{"name":"update","id":"21bd0046-592c-43ca-9d7d-181f575f0a7b","protocolProfileBehavior":{"disableBodyPruning":true},"request":{"auth":{"type":"bearer","bearer":[{"key":"token","value":"eyJ0eXAiOiJKV1QiLCJhbGciOiJIUzI1NiJ9.eyJpZCI6IjQzIiwiZW1haWwiOiJkb25kb25AYW1pa29tLmFjLmlkIiwiaWF0IjoxNjY5MzgxNDQwLCJleHAiOjE2NjkzODUwNDB9.qOFxW_vqa0FaoiP176w6ILQTV9iMlYWXWSAu-fwHL60","type":"string"}]},"method":"PUT","header":[],"body":{"mode":"urlencoded","urlencoded":[{"key":"admin_id","value":"43","type":"default"},{"key":"total","value":"100","type":"default"},{"key":"id","value":"31","type":"default"}]},"url":{"raw":"localhost:8080/belajarphp/1723/Api_pcs/transaksi","host":["localhost"],"port":"8080","path":["belajarphp","1723","Api_pcs","transaksi"]}},"response":[]},{"name":"delete","id":"06e618af-52c7-4d65-aa88-b439fb6a73e7","protocolProfileBehavior":{"disableBodyPruning":true},"request":{"auth":{"type":"bearer","bearer":[{"key":"token","value":"eyJ0eXAiOiJKV1QiLCJhbGciOiJIUzI1NiJ9.eyJpZCI6IjQzIiwiZW1haWwiOiJkb25kb25AYW1pa29tLmFjLmlkIiwiaWF0IjoxNjY5MzgxNDQwLCJleHAiOjE2NjkzODUwNDB9.qOFxW_vqa0FaoiP176w6ILQTV9iMlYWXWSAu-fwHL60","type":"string"}]},"method":"DELETE","header":[],"body":{"mode":"urlencoded","urlencoded":[{"key":"id","value":"31","type":"default"}]},"url":{"raw":"localhost:8080/belajarphp/1723/Api_pcs/transaksi","host":["localhost"],"port":"8080","path":["belajarphp","1723","Api_pcs","transaksi"]}},"response":[]},{"name":"transaksi_bulan_ini","id":"d184442d-8b54-461a-9c95-b2cfd71d9bcd","protocolProfileBehavior":{"disableBodyPruning":true},"request":{"auth":{"type":"bearer","bearer":[{"key":"token","value":"eyJ0eXAiOiJKV1QiLCJhbGciOiJIUzI1NiJ9.eyJpZCI6IjQzIiwiZW1haWwiOiJkb25kb25AYW1pa29tLmFjLmlkIiwiaWF0IjoxNjY5MzgxNDQwLCJleHAiOjE2NjkzODUwNDB9.qOFxW_vqa0FaoiP176w6ILQTV9iMlYWXWSAu-fwHL60","type":"string"}]},"method":"GET","header":[],"url":{"raw":"localhost:8080/belajarphp/1723/Api_pcs/transaksi_bulan_ini","host":["localhost"],"port":"8080","path":["belajarphp","1723","Api_pcs","transaksi_bulan_ini"]}},"response":[]}]}