{"info":{"_postman_id":"8bbfeac8-2824-48fc-a22f-3adaa696d22d","name":"produk","schema":"https://schema.getpostman.com/json/collection/v2.1.0/collection.json"},"item":[{"name":"get","id":"79d4cead-d2d8-4948-bf20-87410720bcb4","protocolProfileBehavior":{"disableBodyPruning":true},"request":{"auth":{"type":"bearer","bearer":[{"key":"token","value":"eyJ0eXAiOiJKV1QiLCJhbGciOiJIUzI1NiJ9.eyJpZCI6IjQzIiwiZW1haWwiOiJkb25kb25AYW1pa29tLmFjLmlkIiwiaWF0IjoxNjY5MzgxNDQwLCJleHAiOjE2NjkzODUwNDB9.qOFxW_vqa0FaoiP176w6ILQTV9iMlYWXWSAu-fwHL60","type":"string"}]},"method":"GET","header":[],"body":{"mode":"urlencoded","urlencoded":[{"key":"admin_id","value":"43","type":"default"},{"key":"nama","value":"mieayam wonogiri","type":"default"},{"key":"harga","value":"15000","type":"default"},{"key":"stok","value":"5","type":"default"}]},"url":{"raw":"localhost:8080/belajarphp/1723/Api_pcs/produk","host":["localhost"],"port":"8080","path":["belajarphp","1723","Api_pcs","produk"]}},"response":[]},{"name":"insert","id":"82bd6a74-bc57-476e-aa86-30f5b60b3742","protocolProfileBehavior":{"disableBodyPruning":true},"request":{"auth":{"type":"bearer","bearer":[{"key":"token","value":"eyJ0eXAiOiJKV1QiLCJhbGciOiJIUzI1NiJ9.eyJpZCI6IjQzIiwiZW1haWwiOiJkb25kb25AYW1pa29tLmFjLmlkIiwiaWF0IjoxNjY5MzgxNDQwLCJleHAiOjE2NjkzODUwNDB9.qOFxW_vqa0FaoiP176w6ILQTV9iMlYWXWSAu-fwHL60","type":"string"}]},"method":"POST","header":[],"body":{"mode":"urlencoded","urlencoded":[{"key":"admin_id","value":"43","type":"default"},{"key":"nama","value":"mieayam wonogiri","type":"default"},{"key":"harga","value":"15000","type":"default"},{"key":"stok","value":"5","type":"default"}]},"url":{"raw":"localhost:8080/belajarphp/1723/Api_pcs/produk","host":["localhost"],"port":"8080","path":["belajarphp","1723","Api_pcs","produk"]}},"response":[]},{"name":"update","id":"fd8285c2-ae39-4f0a-aefe-fb7fc1d88dfe","protocolProfileBehavior":{"disableBodyPruning":true},"request":{"auth":{"type":"bearer","bearer":[{"key":"token","value":"eyJ0eXAiOiJKV1QiLCJhbGciOiJIUzI1NiJ9.eyJpZCI6IjQzIiwiZW1haWwiOiJkb25kb25AYW1pa29tLmFjLmlkIiwiaWF0IjoxNjY5MzgxNDQwLCJleHAiOjE2NjkzODUwNDB9.qOFxW_vqa0FaoiP176w6ILQTV9iMlYWXWSAu-fwHL60","type":"string"}]},"method":"PUT","header":[],"body":{"mode":"urlencoded","urlencoded":[{"key":"admin_id","value":"43","type":"default"},{"key":"nama","value":"mieayam wonogiri","type":"default"},{"key":"harga","value":"15000","type":"default"},{"key":"stok","value":"5","type":"default"},{"key":"id","value":"30","type":"default"}]},"url":{"raw":"localhost:8080/belajarphp/1723/Api_pcs/produk","host":["localhost"],"port":"8080","path":["belajarphp","1723","Api_pcs","produk"]}},"response":[]},{"name":"delete","id":"f7680ac5-16f1-48d7-8f7d-2827533b3112","protocolProfileBehavior":{"disableBodyPruning":true},"request":{"auth":{"type":"bearer","bearer":[{"key":"token","value":"eyJ0eXAiOiJKV1QiLCJhbGciOiJIUzI1NiJ9.eyJpZCI6IjQzIiwiZW1haWwiOiJkb25kb25AYW1pa29tLmFjLmlkIiwiaWF0IjoxNjY5MzgxNDQwLCJleHAiOjE2NjkzODUwNDB9.qOFxW_vqa0FaoiP176w6ILQTV9iMlYWXWSAu-fwHL60","type":"string"}]},"method":"DELETE","header":[],"body":{"mode":"urlencoded","urlencoded":[{"key":"id","value":"32","type":"default"}]},"url":{"raw":"localhost:8080/belajarphp/1723/Api_pcs/produk","host":["localhost"],"port":"8080","path":["belajarphp","1723","Api_pcs","produk"]}},"response":[]}]}