{"info":{"_postman_id":"b0c4ffba-7a1c-4ada-a6b6-10ba8d0334b3","name":"login","schema":"https://schema.getpostman.com/json/collection/v2.1.0/collection.json"},"item":[{"name":"login","id":"8f27cb82-0fac-493b-b191-32e72127328a","protocolProfileBehavior":{"disableBodyPruning":true},"request":{"auth":{"type":"bearer"},"method":"POST","header":[],"body":{"mode":"urlencoded","urlencoded":[{"key":"email","value":"dondon@amikom.ac.id","type":"default"},{"key":"password","value":"12345","type":"default"}]},"url":{"raw":"localhost:8080/belajarphp/1723/Api_pcs/login","host":["localhost"],"port":"8080","path":["belajarphp","1723","Api_pcs","login"]}},"response":[]}]}