{"info":{"_postman_id":"d0a3440b-417c-44d8-9b74-f43813e0632d","name":"admin","schema":"https://schema.getpostman.com/json/collection/v2.1.0/collection.json"},"item":[{"name":"get","id":"be1b741a-6207-48ee-92cb-e2a2714fa724","protocolProfileBehavior":{"disableBodyPruning":true},"request":{"auth":{"type":"bearer","bearer":[{"key":"token","value":"eyJ0eXAiOiJKV1QiLCJhbGciOiJIUzI1NiJ9.eyJpZCI6IjQzIiwiZW1haWwiOiJkb25kb25AYW1pa29tLmFjLmlkIiwiaWF0IjoxNjY5Mzg5NDAwLCJleHAiOjE2NjkzOTMwMDB9.F29wJsMfNM24qFMosXsCH4qE8iWt69QdkR5XjNGtm6E","type":"string"}]},"method":"GET","header":[],"body":{"mode":"urlencoded","urlencoded":[]},"url":{"raw":"localhost:8080/belajarphp/1723/Api_pcs/admin","host":["localhost"],"port":"8080","path":["belajarphp","1723","Api_pcs","admin"]}},"response":[]},{"name":"insert","id":"a8d52442-7832-4469-b096-31ed5ca48b53","protocolProfileBehavior":{"disableBodyPruning":true},"request":{"auth":{"type":"bearer","bearer":[{"key":"token","value":"eyJ0eXAiOiJKV1QiLCJhbGciOiJIUzI1NiJ9.eyJpZCI6IjQzIiwiZW1haWwiOiJkb25kb25AYW1pa29tLmFjLmlkIiwiaWF0IjoxNjY5MzgwODI3LCJleHAiOjE2NjkzODQ0Mjd9.ZwVlEzGzUV3Hz8MLAbDy-Ql1VBjqOsUPQyqa8sv08kg","type":"string"}]},"method":"POST","header":[],"body":{"mode":"urlencoded","urlencoded":[{"key":"email","value":"666@amikom.ac.id","type":"default"},{"key":"password","value":"12345","type":"default"},{"key":"nama","value":"coki","type":"default"}]},"url":{"raw":"localhost:8080/belajarphp/1723/Api_pcs/admin","host":["localhost"],"port":"8080","path":["belajarphp","1723","Api_pcs","admin"]}},"response":[]},{"name":"update","id":"408e5377-1b43-4087-9582-3f8f4cd4a683","protocolProfileBehavior":{"disableBodyPruning":true},"request":{"auth":{"type":"bearer","bearer":[{"key":"token","value":"eyJ0eXAiOiJKV1QiLCJhbGciOiJIUzI1NiJ9.eyJpZCI6IjQzIiwiZW1haWwiOiJkb25kb25AYW1pa29tLmFjLmlkIiwiaWF0IjoxNjY5MzgwODI3LCJleHAiOjE2NjkzODQ0Mjd9.ZwVlEzGzUV3Hz8MLAbDy-Ql1VBjqOsUPQyqa8sv08kg","type":"string"}]},"method":"PUT","header":[],"body":{"mode":"urlencoded","urlencoded":[{"key":"email","value":"666@amikom.ac.id","type":"default"},{"key":"password","value":"12345","type":"default"},{"key":"nama","value":"coki","type":"default"},{"key":"id","value":"65","type":"default"}]},"url":{"raw":"localhost:8080/belajarphp/1723/Api_pcs/admin","host":["localhost"],"port":"8080","path":["belajarphp","1723","Api_pcs","admin"]}},"response":[]},{"name":"delete","id":"91bdccfc-3e43-4ad1-b242-3688bb3fe78b","protocolProfileBehavior":{"disableBodyPruning":true},"request":{"auth":{"type":"bearer","bearer":[{"key":"token","value":"eyJ0eXAiOiJKV1QiLCJhbGciOiJIUzI1NiJ9.eyJpZCI6IjQzIiwiZW1haWwiOiJkb25kb25AYW1pa29tLmFjLmlkIiwiaWF0IjoxNjY5MzgwODI3LCJleHAiOjE2NjkzODQ0Mjd9.ZwVlEzGzUV3Hz8MLAbDy-Ql1VBjqOsUPQyqa8sv08kg","type":"string"}]},"method":"DELETE","header":[],"body":{"mode":"urlencoded","urlencoded":[{"key":"id","value":"65","type":"default"}]},"url":{"raw":"localhost:8080/belajarphp/1723/Api_pcs/admin?id=65","host":["localhost"],"port":"8080","path":["belajarphp","1723","Api_pcs","admin"],"query":[{"key":"id","value":"65"}]}},"response":[]}]}